#SampleID	BarcodeSequence	LinkerPrimerSequence	ReversePrimer	Habitat	SeqDirection	SampleName	Description
PostBayfrontPark.F04	AGACTCGACGTGCTTG	TCTCAAAGATTAAGCC	GCCTGCTGCCTTCCTTGGA	Postspill	Forward	PostBayfrontPark	PostBayfrontPark.F04
PreBayfrontPark.F04	AGTACGAGAGTGCTTG	TCTCAAAGATTAAGCC	GCCTGCTGCCTTCCTTGGA	Prespill	Forward	PreBayfrontPark	PreBayfrontPark.F04
PostShellfishLab.F04	AGTACTACTATGCTTG	TCTCAAAGATTAAGCC	GCCTGCTGCCTTCCTTGGA	Postspill	Forward	PostShellfishLab	PostShellfishLab.F04
PreShellfishLab.F04	AGTAGACGTCTGCTTG	TCTCAAAGATTAAGCC	GCCTGCTGCCTTCCTTGGA	Prespill	Forward	PreShellfishLab	PreShellfishLab.F04
PostRyanCt.F04	AGTCGTACACTGCTTG	TCTCAAAGATTAAGCC	GCCTGCTGCCTTCCTTGGA	Postspill	Forward	PostRyanCt	PostRyanCt.F04
PreRyanCt.F04	AGTGTAGTAGTGCTTG	TCTCAAAGATTAAGCC	GCCTGCTGCCTTCCTTGGA	Prespill	Forward	PreRyanCt	PreRyanCt.F04
PostCadillacAve.F04	ATAGTATACGTGCTTG	TCTCAAAGATTAAGCC	GCCTGCTGCCTTCCTTGGA	Postspill	Forward	PostCadillacAve	PostCadillacAve.F04
PreDauphinBay.F04	CAGTACGTACTGCTTG	TCTCAAAGATTAAGCC	GCCTGCTGCCTTCCTTGGA	Prespill	Forward	PreDauphinBay	PreDauphinBay.F04
PostBelleairBlvd.F04	CGACGACGCGTGCTTG	TCTCAAAGATTAAGCC	GCCTGCTGCCTTCCTTGGA	Postspill	Forward	PostBelleairBlvd	PostBelleairBlvd.F04
PreBelleairBlvd.F04	CGACGAGTACTGCTTG	TCTCAAAGATTAAGCC	GCCTGCTGCCTTCCTTGGA	Prespill	Forward	PreBelleairBlvd	PreBelleairBlvd.F04
PostGrandIsle.F04	CGATACTACGTGCTTG	TCTCAAAGATTAAGCC	GCCTGCTGCCTTCCTTGGA	Postspill	Forward	PostGrandIsle	PostGrandIsle.F04
PostBayfrontPark.R22	ACGTCGGGTCTGCCTG	CTGCCTTCCTTGGA	GCTTGTCTCAAAGATTAAGCC	Postspill	Reverse	PostBayfrontPark	PostBayfrontPark.R22
PreBayfrontPark.R22	ACTCTCGGACTGCCTG	CTGCCTTCCTTGGA	GCTTGTCTCAAAGATTAAGCC	Prespill	Reverse	PreBayfrontPark	PreBayfrontPark.R22
PostShellfishLab.R22	ATAGTAGGACTGCCTG	CTGCCTTCCTTGGA	GCTTGTCTCAAAGATTAAGCC	Postspill	Reverse	PostShellfishLab	PostShellfishLab.R22
PreShellfishLab.R22	AGACGTCGACTGCCTG	CTGCCTTCCTTGGA	GCTTGTCTCAAAGATTAAGCC	Prespill	Reverse	PreShellfishLab	PreShellfishLab.R22
PostRyanCt.R22	AGTGTAGGACTGCCTG	CTGCCTTCCTTGGA	GCTTGTCTCAAAGATTAAGCC	Postspill	Reverse	PostRyanCt	PostRyanCt.R22
PreRyanCt.R22	ACTACTAGACTGCCTG	CTGCCTTCCTTGGA	GCTTGTCTCAAAGATTAAGCC	Prespill	Reverse	PreRyanCt	PreRyanCt.R22
PostCadillacAve.R22	ACGTATAGTATGCCTG	CTGCCTTCCTTGGA	GCTTGTCTCAAAGATTAAGCC	Postspill	Reverse	PostCadillacAve	PostCadillacAve.R22
PreDauphinBay.R22	AGTACGTGCTGGCCTG	CTGCCTTCCTTGGA	GCTTGTCTCAAAGATTAAGCC	Prespill	Reverse	PreDauphinBay	PreDauphinBay.R22
PostBelleairBlvd.R22	ACGCGTGGTCGGCCTG	CTGCCTTCCTTGGA	GCTTGTCTCAAAGATTAAGCC	Postspill	Reverse	PostBelleairBlvd	PostBelleairBlvd.R22
PreBelleairBlvd.R22	AGTACTGGTCGGCCTG	CTGCCTTCCTTGGA	GCTTGTCTCAAAGATTAAGCC	Prespill	Reverse	PreBelleairBlvd	PreBelleairBlvd.R22
PostGrandIsle.R22	ACGTAGTGTCGGCCTG	CTGCCTTCCTTGGA	GCTTGTCTCAAAGATTAAGCC	Postspill	Reverse	PostGrandIsle	PostGrandIsle.R22
PostBayfrontPark.NF1	ACTCACACTGTGGTGG	TGCATGGCCGTTCTTAGTT	TACAAAGGGCAGGGACGTAAT	Postspill	Forward	PostBayfrontPark	PostBayfrontPark.NF1
PreBayfrontPark.NF1	ACTCACTAGCTGGTGG	TGCATGGCCGTTCTTAGTT	TACAAAGGGCAGGGACGTAAT	Prespill	Forward	PreBayfrontPark	PreBayfrontPark.NF1
PostShellfishLab.NF1	ACTCTATATATGGTGG	TGCATGGCCGTTCTTAGTT	TACAAAGGGCAGGGACGTAAT	Postspill	Forward	PostShellfishLab	PostShellfishLab.NF1
PreShellfishLab.NF1	ACTGATCTCGTGGTGG	TGCATGGCCGTTCTTAGTT	TACAAAGGGCAGGGACGTAAT	Prespill	Forward	PreShellfishLab	PreShellfishLab.NF1
PostRyanCt.NF1	ACTGCTGTACTGGTGG	TGCATGGCCGTTCTTAGTT	TACAAAGGGCAGGGACGTAAT	Postspill	Forward	PostRyanCt	PostRyanCt.NF1
PreRyanCt.NF1	ACTGTAGCGCTGGTGG	TGCATGGCCGTTCTTAGTT	TACAAAGGGCAGGGACGTAAT	Prespill	Forward	PreRyanCt	PreRyanCt.NF1
PostCadillacAve.NF1	AGACACTCACTGGTGG	TGCATGGCCGTTCTTAGTT	TACAAAGGGCAGGGACGTAAT	Postspill	Forward	PostCadillacAve	PostCadillacAve.NF1
PreDauphinBay.NF1	AGACATATAGTGGTGG	TGCATGGCCGTTCTTAGTT	TACAAAGGGCAGGGACGTAAT	Prespill	Forward	PreDauphinBay	PreDauphinBay.NF1
PostBelleairBlvd.NF1	AGACGTGATCTGGTGG	TGCATGGCCGTTCTTAGTT	TACAAAGGGCAGGGACGTAAT	Postspill	Forward	PostBelleairBlvd	PostBelleairBlvd.NF1
PreBelleairBlvd.NF1	AGAGTACAGATGGTGG	TGCATGGCCGTTCTTAGTT	TACAAAGGGCAGGGACGTAAT	Prespill	Forward	PreBelleairBlvd	PreBelleairBlvd.NF1
PostGrandIsle.NF1	AGAGTATCTCTGGTGG	TGCATGGCCGTTCTTAGTT	TACAAAGGGCAGGGACGTAAT	Postspill	Forward	PostGrandIsle	PostGrandIsle.NF1
PostBayfrontPark.18Sr2b	ACAGTGGGAGTTACAA	AGGGCAGGGACGTAAT	GGTGGTGCATGGCCGTTCTTAGTT	Postspill	Reverse	PostBayfrontPark	PostBayfrontPark.18Sr2b
PreBayfrontPark.18Sr2b	AGCTAGGGAGTTACAA	AGGGCAGGGACGTAAT	GGTGGTGCATGGCCGTTCTTAGTT	Prespill	Reverse	PreBayfrontPark	PreBayfrontPark.18Sr2b
PostShellfishLab.18Sr2b	ATATATGGAGTTACAA	AGGGCAGGGACGTAAT	GGTGGTGCATGGCCGTTCTTAGTT	Postspill	Reverse	PostShellfishLab	PostShellfishLab.18Sr2b
PreShellfishLab.18Sr2b	ACGAGATGAGTTACAA	AGGGCAGGGACGTAAT	GGTGGTGCATGGCCGTTCTTAGTT	Prespill	Reverse	PreShellfishLab	PreShellfishLab.18Sr2b
PostRyanCt.18Sr2b	AGTACAGGAGTTACAA	AGGGCAGGGACGTAAT	GGTGGTGCATGGCCGTTCTTAGTT	Postspill	Reverse	PostRyanCt	PostRyanCt.18Sr2b
PreRyanCt.18Sr2b	AGCGCTAGAGTTACAA	AGGGCAGGGACGTAAT	GGTGGTGCATGGCCGTTCTTAGTT	Prespill	Reverse	PreRyanCt	PreRyanCt.18Sr2b
PostCadillacAve.18Sr2b	AGTGAGGGTCTTACAA	AGGGCAGGGACGTAAT	GGTGGTGCATGGCCGTTCTTAGTT	Postspill	Reverse	PostCadillacAve	PostCadillacAve.18Sr2b
PreDauphinBay.18Sr2b	ACTATAGGTCTTACAA	AGGGCAGGGACGTAAT	GGTGGTGCATGGCCGTTCTTAGTT	Prespill	Reverse	PreDauphinBay	PreDauphinBay.18Sr2b
PostBelleairBlvd.18Sr2b	AGATCAGGTCTTACAA	AGGGCAGGGACGTAAT	GGTGGTGCATGGCCGTTCTTAGTT	Postspill	Reverse	PostBelleairBlvd	PostBelleairBlvd.18Sr2b
PreBelleairBlvd.18Sr2b	ATCTGTAGTCTTACAA	AGGGCAGGGACGTAAT	GGTGGTGCATGGCCGTTCTTAGTT	Prespill	Reverse	PreBelleairBlvd	PreBelleairBlvd.18Sr2b
PostGrandIsle.18Sr2b	AGAGATAGTCTTACAA	AGGGCAGGGACGTAAT	GGTGGTGCATGGCCGTTCTTAGTT	Postspill	Reverse	PostGrandIsle	PostGrandIsle.18Sr2b